audeur,cadjpy,chfgbp
0.63956,82.7401,0.70185
0.63953,82.7374,0.7019
0.63971,82.7803,0.70176
0.63993,82.8098,0.70175
0.64017,82.8509,0.70171
0.64007,82.8017,0.70158
0.63982,82.7624,0.70148
0.63981,82.769,0.70163
0.63999,82.7902,0.7016
0.6398,82.7797,0.7018
0.63982,82.7496,0.70162
0.63938,82.7284,0.70156
0.6401,82.8268,0.70153
0.63968,82.7567,0.70188
0.64002,82.8282,0.70157
0.6396,82.856,0.70166
0.64037,83.0307,0.70158
0.64074,83.0495,0.70206
0.64138,83.1416,0.70139
0.64208,83.155,0.70157
0.64237,83.1509,0.70123
0.64218,83.1084,0.70125
0.6425,83.1618,0.7016
0.64202,83.1789,0.70191
0.64175,83.1056,0.70198
0.64156,83.1131,0.70206
0.64154,83.1935,0.702
0.64101,83.1379,0.70203
0.64088,83.152,0.70213
0.64129,83.1388,0.70196
0.64161,83.1654,0.70177
0.6416,83.1455,0.70186
0.64111,83.1146,0.70149
0.64084,83.0531,0.70156
0.64127,83.1579,0.70152
0.64121,83.1338,0.70123
0.64148,83.1351,0.70158
0.64083,83.1092,0.70166
0.64095,83.1253,0.70162
0.641,83.1172,0.70177
0.64137,83.1565,0.70186
0.64144,83.1686,0.70179
0.64123,83.1802,0.70167
0.64153,83.2128,0.70157
0.64177,83.2428,0.7014
0.64239,83.3545,0.70144
0.64216,83.3188,0.7017
0.64204,83.2914,0.70182
0.64194,83.3075,0.70184
0.64229,83.3404,0.7016
0.64199,83.3089,0.70159
0.64193,83.3516,0.70155
0.64214,83.381,0.7014
0.64237,83.4039,0.7016
0.64303,83.4836,0.70129
0.64288,83.4406,0.70143
0.64299,83.4071,0.70134
0.64225,83.3866,0.70155
0.64239,83.4172,0.70142
0.64255,83.4645,0.70153
0.64245,83.4204,0.7014
0.64232,83.4106,0.70133
0.6425,83.4057,0.70126
0.64276,83.4827,0.70101
0.64226,83.4558,0.70103
0.64211,83.4569,0.7009
0.6417,83.425,0.701
0.64142,83.3906,0.70109
0.64089,83.3395,0.7013
0.64124,83.3947,0.70114
0.64155,83.4234,0.70104
0.64139,83.4301,0.70123
0.64157,83.41,0.7012
0.64121,83.406,0.70136
0.6412,83.4266,0.70132
0.64136,83.393,0.70136
0.64108,83.346,0.70153
0.64129,83.3644,0.70164
0.64112,83.316,0.70157
0.64106,83.2964,0.70169
0.64129,83.3355,0.70143
0.64136,83.3183,0.70144
0.64091,83.2003,0.70178
0.64078,83.198,0.70171
0.64102,83.2233,0.70142
0.64109,83.1719,0.70144
0.64128,83.1836,0.70145
0.64104,83.2194,0.70135
0.64101,83.1976,0.70153
0.64093,83.1735,0.70169
0.64102,83.142,0.7022
0.64089,83.17,0.70209
0.64087,83.1564,0.70225
0.64082,83.2196,0.70241
0.6409,83.1881,0.70203
0.64135,83.2187,0.70214
0.64112,83.0999,0.70185
0.64071,83.1096,0.70165
0.63987,83.0646,0.70208
0.6404,83.0944,0.70212
0.64003,83.1522,0.70228
0.64056,83.2426,0.70255
0.6418,83.2227,0.7019
0.64256,83.1887,0.70169
0.64238,83.179,0.70135
0.64259,83.2977,0.70128
0.64257,83.2521,0.70105
0.64307,83.3236,0.70121
0.64252,83.2286,0.70153
0.64207,83.2183,0.70132
0.64208,83.169,0.70132
0.64304,83.2484,0.70017
0.64268,83.1979,0.70021
0.64269,83.2557,0.70043
0.64282,83.2428,0.69898
0.64239,83.2954,0.69907
0.64248,83.3643,0.69877
0.6422,83.3303,0.69906
0.64235,83.3161,0.69929
0.64251,83.3972,0.69893
0.64062,82.9654,0.6999
0.64005,82.6736,0.69996
0.63995,82.6513,0.69957
0.64133,82.7157,0.69974
0.64186,82.7542,0.69933
0.64207,82.7757,0.69973
0.64242,82.8963,0.69916
0.64296,82.9282,0.69918
0.6418,82.8228,0.6994
0.6415,82.6447,0.6999
0.64016,82.5422,0.70062
0.64075,82.6217,0.70111
0.64034,82.458,0.70195
0.64055,82.523,0.7017
0.64004,82.5397,0.70215
0.64048,82.5912,0.70166
0.64094,82.5889,0.70176
0.64047,82.5856,0.70158
0.64033,82.492,0.70095
0.63999,82.41,0.70112
0.64051,82.5019,0.70099
0.64046,82.5076,0.701
0.64041,82.4846,0.70043
0.64041,82.484,0.70063
0.64032,82.5077,0.70118
0.64008,82.4843,0.70151
0.64016,82.4964,0.70147
0.64049,82.52,0.70152
0.64053,82.589,0.70159
0.6404,82.5709,0.70176
0.64025,82.4874,0.70208
0.64019,82.5172,0.70194
0.64038,82.5049,0.70211
0.64055,82.5607,0.70224
0.64096,82.5925,0.70235
0.6416,82.7431,0.70219
0.64141,82.7107,0.70207
0.64153,82.7688,0.70211
0.64174,82.7623,0.70191
0.6418,82.7327,0.70196
0.64183,82.6864,0.70188
0.64177,82.7432,0.70172
0.64184,82.7687,0.70206
0.64197,82.7752,0.70186
0.64176,82.7071,0.70221
0.64175,82.6875,0.70208
0.64175,82.6629,0.70241
0.64178,82.6143,0.70288
0.64126,82.4168,0.70373
0.64057,82.3089,0.70385
0.64122,82.3281,0.70403
0.64034,82.3275,0.70551
0.64032,82.3239,0.70563
0.64052,82.3358,0.70622
0.64098,82.5213,0.70592
0.63974,82.2631,0.7072
0.63963,82.3447,0.70733
0.63939,82.2752,0.70685
0.63934,82.3729,0.70671
0.63944,82.4161,0.70664
0.6392,82.3799,0.70675
0.63905,82.4174,0.70673
0.6396,82.4958,0.70665
0.63946,82.3679,0.70706
0.63931,82.3704,0.70736
0.63891,82.2857,0.70843
0.63859,82.1505,0.7093
0.63875,82.0774,0.70826
0.63964,82.2824,0.70786
0.63888,82.1067,0.70831
0.63864,81.988,0.70803
0.63875,82.0343,0.70796
0.63851,82.017,0.70763
0.63827,81.8897,0.70805
0.63818,81.9814,0.70743
0.63818,82.0014,0.70714
0.6382,82.0421,0.70715
0.6376,81.9831,0.70717
0.63693,81.9819,0.70706
0.63647,81.9518,0.70733
0.63719,82.0366,0.70669
0.6371,82.067,0.70737
0.63675,81.9453,0.7074
0.63612,81.9273,0.70702
0.63583,81.9469,0.70713
0.6356,81.7874,0.70816
0.63537,81.7967,0.70817
0.63607,81.9049,0.70768
0.63615,81.8833,0.70777
0.63637,81.989,0.70818
0.63689,82.0399,0.70796
0.63704,82.0325,0.70765
0.6371,82.0843,0.7078
0.63728,82.084,0.70757
0.63715,82.1098,0.70804
0.63749,82.1952,0.70797
0.63761,82.2186,0.70765
0.63717,82.1561,0.70779
0.63687,82.1055,0.70767
0.63667,82.0867,0.70809
0.63721,82.1792,0.70795
0.63742,82.2015,0.70783
0.63737,82.1945,0.70796
0.63735,82.1819,0.70749
0.63734,82.1577,0.70766
0.63756,82.2058,0.70733
0.63787,82.2756,0.70723
0.63773,82.214,0.70712
0.63775,82.1971,0.7075
0.63758,82.1344,0.70748
0.63767,82.1728,0.70747
0.6381,82.2014,0.70728
0.6379,82.1796,0.70724
0.63793,82.1993,0.70731
0.63756,82.1555,0.70738
0.63728,82.1181,0.70736
0.63707,82.0854,0.7074
0.63692,82.0272,0.70782
0.63676,82.0338,0.70796
0.63653,82.041,0.70802
0.63694,82.0729,0.70794
0.63648,82.0197,0.70818
0.63698,82.0829,0.70799
0.63699,82.0624,0.70795
0.63702,82.0734,0.70801
0.63709,82.0649,0.70796
0.63746,82.1073,0.70766
0.6373,82.0643,0.70792
0.63736,82.0434,0.70792
0.63734,82.0561,0.70804
0.63729,82.0361,0.70804
0.63714,82.0462,0.7083
0.63732,82.0859,0.70818
0.63716,82.0749,0.708
0.63735,82.0922,0.70791
0.63743,82.0838,0.7079
0.63726,82.04,0.70797
0.63755,82.0545,0.70781
0.63743,82.0311,0.70798
0.63737,82.0246,0.70797
0.63742,82.0017,0.70799
0.63739,81.9531,0.70792
0.63727,82.0013,0.70784
0.63739,82.0691,0.70766
0.63735,82.0535,0.70788
0.63758,82.0491,0.70762
0.63773,82.0619,0.70761
0.63755,82.0571,0.70767
0.63752,82.0658,0.70755
0.6376,82.126,0.70756
0.63763,82.1363,0.70761
0.63786,82.1194,0.70756
0.63795,82.1529,0.70771
0.63805,82.1815,0.70762
0.63799,82.2184,0.70747
0.63812,82.2765,0.70706
0.63788,82.2409,0.7072
0.63789,82.2286,0.7071
0.63779,82.1987,0.70705
0.63786,82.1661,0.70708
0.63776,82.1796,0.70699
0.63772,82.2018,0.70716
0.63774,82.214,0.70737
0.63775,82.2624,0.70751
0.6381,82.2791,0.70724
0.63831,82.2881,0.70727
0.63862,82.3331,0.707
0.63866,82.3652,0.70702
0.63867,82.3293,0.70701
0.63843,82.3533,0.70706
0.63841,82.35,0.70728
0.63846,82.3288,0.70715
0.63856,82.3278,0.70701
0.63852,82.3207,0.70699
0.63823,82.2574,0.70729
0.63839,82.2734,0.70745
0.63853,82.274,0.70737
0.63829,82.2572,0.70751
0.63838,82.2529,0.70757
0.63874,82.3497,0.70734
0.63938,82.3892,0.70689
0.63934,82.4433,0.70686
0.63925,82.4438,0.70669
0.63909,82.3848,0.70675
0.63865,82.3416,0.70709
0.63869,82.3635,0.70729
0.63908,82.4038,0.70691
0.63896,82.4142,0.70715
0.6393,82.4121,0.70694
0.63944,82.4802,0.70682
0.63875,82.4414,0.70738
0.63863,82.3917,0.70722
0.63848,82.3796,0.7074
0.63892,82.3882,0.70711
0.63842,82.2994,0.70742
0.6377,82.2416,0.70743
0.63671,82.1035,0.70796
0.63699,82.1694,0.7077
0.63768,82.1845,0.7076
0.6368,82.1181,0.70786
0.63728,82.1497,0.70769
0.63774,82.1995,0.70763
0.63788,82.2046,0.70764
0.63847,82.2714,0.7071
0.63795,82.1731,0.7073
0.63763,82.2072,0.70734
0.63836,82.2679,0.70727
0.63808,82.3114,0.70735
0.6384,82.357,0.7073
0.63824,82.3339,0.70747
0.63792,82.3371,0.70771
0.63795,82.3096,0.70768
0.63822,82.3429,0.70758
0.63849,82.3706,0.70724
0.63829,82.3312,0.70738
0.63812,82.3132,0.70737
0.63817,82.2554,0.70756
0.63747,82.2256,0.70762
0.6375,82.2108,0.7076
0.63751,82.1955,0.70773
0.63725,82.1317,0.70784
0.63723,82.1415,0.70779
0.63712,82.1024,0.70804
0.63732,82.136,0.70777
0.63717,82.1199,0.7068
0.63662,82.051,0.70823
0.63673,82.0678,0.70787
0.63591,81.98,0.70849
0.63642,82.0787,0.70828
0.63604,82.054,0.70833
0.63571,82.0312,0.7086
0.63583,82.0478,0.70886
0.63521,81.9669,0.70915
0.63533,81.9607,0.70927
0.63574,82.0449,0.70908
0.63506,81.9408,0.70927
0.63497,81.9554,0.70929
0.63543,81.9747,0.70927
0.63552,81.9991,0.70914
0.63483,81.9698,0.70939
0.63523,82.0182,0.70909
0.63536,82.0338,0.70901
0.63513,81.9903,0.70902
0.63449,81.9486,0.70936
0.63471,81.946,0.70912
0.63481,81.9431,0.70905
0.63517,81.9729,0.70906
0.63555,82.0212,0.709
0.63541,81.99,0.70908
0.63529,82.0051,0.7091
0.63556,82.091,0.7089
0.63549,82.0614,0.70883
0.63562,82.0479,0.70853
0.6353,82.0074,0.70865
0.63502,81.9359,0.70885
0.63489,81.9358,0.70878
0.63459,81.8934,0.70897
0.63514,81.9499,0.70895
0.63509,81.9294,0.70923
0.63486,81.922,0.70932
0.63479,81.9353,0.71035
0.63547,81.9573,0.70989
0.63511,81.8799,0.70999
0.63493,81.842,0.70981
0.6351,81.8419,0.71009
0.63474,81.7301,0.7109
0.63456,81.7247,0.71074
0.63432,81.6364,0.71046
0.63406,81.6388,0.71163
0.63485,81.7254,0.71124
0.63468,81.6514,0.71171
0.63466,81.7655,0.71122
0.63507,81.8,0.71119
0.6354,81.805,0.71086
0.63556,81.7693,0.71071
0.63589,81.7721,0.71054
0.63577,81.8237,0.71073
0.63603,81.8758,0.71111
0.6356,81.8175,0.71149
0.63588,81.8634,0.71087
0.63609,81.9149,0.71041
0.63569,81.9261,0.7103
0.63508,81.8998,0.70983
0.63538,81.9325,0.70979
0.63547,82.0392,0.70971
0.63545,82.1018,0.7097
0.63596,82.1382,0.70986
0.6365,82.132,0.70938
0.63634,82.1594,0.70899
0.63658,82.2336,0.70846
0.6363,82.1846,0.70787
0.63627,82.1763,0.7074
0.63673,82.1655,0.70725
0.63693,82.1903,0.70806
0.63736,82.1977,0.70751
0.63802,82.3599,0.70639
0.63793,82.3215,0.70662
0.63812,82.329,0.70667
0.63805,82.276,0.70683
0.63923,82.4195,0.70499
0.63974,82.4419,0.70399
0.63993,82.4154,0.70463
0.63982,82.4624,0.70458
0.64024,82.5089,0.70435
0.64114,82.6484,0.70392
0.64126,82.6478,0.70374
0.64093,82.6112,0.70395
0.64094,82.6041,0.70413
0.64144,82.6697,0.70402
0.64141,82.6164,0.70426
0.64066,82.4928,0.70441
0.64048,82.4755,0.70516
0.64074,82.4475,0.70545
0.64058,82.4269,0.70575
0.64015,82.4029,0.70599
0.64009,82.4141,0.70578
0.64019,82.3834,0.70631
0.63991,82.4021,0.70639
0.63998,82.493,0.70583
0.63964,82.5312,0.70607
0.63952,82.489,0.70607
0.63966,82.5263,0.70515
0.63938,82.5021,0.70569
0.63933,82.4829,0.70569
0.63882,82.3582,0.70608
0.63889,82.359,0.70595
0.63899,82.3872,0.70595
0.63882,82.386,0.70588
0.63882,82.3635,0.70601
0.63921,82.3935,0.7062
0.63936,82.4754,0.706
0.63938,82.4958,0.70608
0.63971,82.5462,0.70562
0.63953,82.5609,0.70556
0.6396,82.6094,0.70567
0.63993,82.6673,0.70572
0.63949,82.6318,0.70539
0.63957,82.6175,0.70545
0.6398,82.6037,0.7054
0.63995,82.6642,0.70508
0.64008,82.6584,0.70541
0.64031,82.6834,0.70527
0.63996,82.6768,0.70534
0.64005,82.7,0.70467
0.63991,82.6843,0.70514
0.6396,82.6496,0.70539
0.63932,82.66,0.7054
0.63925,82.6506,0.70549
0.63956,82.8094,0.70502
0.63965,82.8095,0.7053
0.64027,82.8871,0.70511
0.64062,82.8665,0.70539
0.64017,82.7339,0.70624
0.63944,82.6859,0.70713
0.63996,82.6841,0.70661
0.64035,82.8052,0.70612
0.63921,82.6593,0.70699
0.6394,82.7025,0.70643
0.64011,82.8531,0.70646
0.64025,82.801,0.70676
0.64044,82.8442,0.70626
0.64095,82.9748,0.7054
0.6413,83.0569,0.7051
0.64103,83.0492,0.70564
0.64135,83.0987,0.70529
0.64239,83.3298,0.70437
0.64178,83.2093,0.70465
0.64245,83.2833,0.70448
0.6429,83.3142,0.70403
0.64388,83.3206,0.70359
0.64375,83.3519,0.70398
0.64409,83.4443,0.70326
0.64375,83.4279,0.70345
0.64396,83.4717,0.70337
0.64396,83.4233,0.70283
0.64396,83.4347,0.70273
0.64382,83.3875,0.70326
0.64459,83.4981,0.70264
0.64449,83.5436,0.70297
0.64411,83.6076,0.70298
0.64411,83.5907,0.70307
0.64361,83.4333,0.70366
0.6436,83.4599,0.70374
0.64326,83.412,0.70362
0.64321,83.3966,0.70388
0.64359,83.4266,0.70387
0.64373,83.4441,0.7044
0.64369,83.4734,0.70459
0.64383,83.4345,0.70491
0.64346,83.3976,0.70466
0.64448,83.468,0.704
0.64424,83.3869,0.70401
0.64414,83.3739,0.70401
0.64425,83.4201,0.70357
0.64413,83.4066,0.70378
0.64379,83.4211,0.70438
0.64425,83.4293,0.70437
0.64393,83.419,0.70518
0.64368,83.3674,0.70506
0.6437,83.3933,0.70505
0.64366,83.3843,0.70467
0.64392,83.3545,0.70463
0.64371,83.3258,0.70499
0.64318,83.2326,0.70552
0.64347,83.3108,0.70556
0.64381,83.3508,0.70527
0.64387,83.3585,0.70516
0.64379,83.2465,0.70553
0.6439,83.2192,0.70566
0.64404,83.2944,0.70559
0.64383,83.2332,0.70589
0.64435,83.329,0.70557
0.64465,83.3018,0.70554
0.64434,83.1805,0.70569
0.64467,83.2184,0.70566
0.64437,83.1019,0.70596
0.64471,83.1206,0.70577
0.6444,83.0462,0.70606
0.64427,83.0045,0.70592
0.64356,82.901,0.70622
0.64399,82.9001,0.7063
0.64396,82.9228,0.70594
0.64384,82.9406,0.70558
0.64408,82.9589,0.70552
0.64397,82.9014,0.70579
0.64476,82.9705,0.70565
0.64475,82.9624,0.70564
0.64498,83.0204,0.70562
0.64507,83.0311,0.7054
0.64471,83.0383,0.70536
0.64485,83.0395,0.7053
0.64495,83.029,0.70548
0.64484,83.0969,0.7055
0.64459,83.1177,0.70551
0.64451,83.1447,0.70556
0.64492,83.2086,0.7054
0.64498,83.2377,0.7052
0.64544,83.2086,0.70523
0.6459,83.3612,0.705
0.6458,83.3439,0.70501
0.64571,83.3821,0.7051
0.64573,83.3955,0.70511
0.64574,83.4315,0.70479
0.64574,83.4549,0.70492
0.64557,83.4599,0.70468
0.64545,83.456,0.70477
0.6454,83.4703,0.7046
0.64513,83.4959,0.70478
0.64519,83.4668,0.70473
0.64516,83.4878,0.70488
0.64507,83.492,0.70487
0.64497,83.4961,0.70502
0.64491,83.4423,0.70495
0.64482,83.4788,0.70507
0.64481,83.3746,0.70509
0.64462,83.3528,0.70515
0.64461,83.362,0.70526
0.64426,83.3963,0.70521
0.64446,83.4383,0.70523
0.64459,83.4584,0.70527
0.64482,83.4989,0.70543
0.645,83.5357,0.70544
0.64495,83.5752,0.70553
0.6448,83.5654,0.70543
0.64508,83.5811,0.70551
0.64526,83.5536,0.70538
0.64526,83.5227,0.70531
0.64501,83.5439,0.70527
0.64505,83.5238,0.70498
0.64532,83.4655,0.70523
0.64535,83.466,0.70519
0.64539,83.4831,0.7052
0.64496,83.461,0.70493
0.64494,83.4219,0.7055
0.64186,83.3907,0.70572
0.64171,83.3564,0.70577
0.64191,83.3821,0.70552
0.64146,83.3328,0.70541
0.64198,83.3563,0.70556
0.64241,83.3612,0.70551
0.64114,83.2461,0.70571
0.64184,83.3125,0.70553
0.64205,83.3406,0.70538
0.64275,83.4454,0.70541
0.64271,83.4186,0.70558
0.64262,83.4132,0.70544
0.64231,83.2618,0.70572
0.64277,83.3189,0.70553
0.64335,83.3474,0.70529
0.643,83.3554,0.70536
0.64327,83.3692,0.70526
0.64334,83.3417,0.70513
0.64263,83.2685,0.70554
0.64245,83.2869,0.70535
0.64255,83.3064,0.70554
0.64265,83.2909,0.70538
0.64268,83.285,0.70554
0.6429,83.3025,0.70543
0.64306,83.3408,0.70514
0.64343,83.375,0.70523
0.64381,83.4306,0.70517
0.6438,83.466,0.70519
0.64343,83.4328,0.70525
0.64327,83.4342,0.70527
0.64303,83.4448,0.70528
0.643,83.4476,0.70525
0.64334,83.4554,0.70517
0.64356,83.4785,0.70526
0.64333,83.4782,0.70523
0.64322,83.4612,0.70523
0.64331,83.4847,0.70524
0.64337,83.5166,0.70491
0.6434,83.4965,0.7049
0.64313,83.4086,0.70506
0.643,83.4101,0.70491
0.64331,83.4125,0.70495
0.64352,83.42,0.70488
0.64352,83.4523,0.70473
0.64329,83.4441,0.70468
0.64347,83.4892,0.70484
0.64329,83.4338,0.70476
0.64306,83.4539,0.70501
0.64286,83.4771,0.70514
0.64289,83.4556,0.70524
0.64249,83.41,0.70512
0.64258,83.4406,0.70492
0.64265,83.4589,0.70495
0.64239,83.4562,0.70491
0.64229,83.433,0.70506
0.64239,83.4494,0.7052
0.64234,83.4517,0.70506
0.64245,83.4562,0.70515
0.64312,83.5437,0.70466
0.64287,83.5249,0.70495
0.64307,83.5176,0.70496
0.64303,83.4877,0.70508
0.64284,83.4631,0.70517
0.64255,83.3935,0.70541
0.64254,83.4239,0.70537
0.64268,83.3874,0.70525
0.6423,83.3867,0.70557
0.64256,83.417,0.70557
0.64254,83.4006,0.70598
0.64224,83.33,0.70635
0.64186,83.352,0.70636
0.64168,83.2788,0.70671
0.64135,83.2614,0.70679
0.64133,83.2905,0.70666
0.64125,83.2805,0.70671
0.64145,83.2763,0.70682
0.64128,83.2615,0.70685
0.64094,83.2284,0.70662
0.64127,83.2542,0.70707
0.64115,83.2013,0.70698
0.64196,83.3316,0.70639
0.64205,83.3616,0.70575
0.64182,83.3502,0.70559
0.64169,83.2988,0.70588
0.64195,83.3438,0.70568
0.64188,83.3832,0.70537
0.64214,83.3391,0.70566
0.6422,83.3314,0.70496
0.64192,83.2874,0.70535
0.64191,83.2988,0.705
0.64201,83.281,0.70562
0.64087,83.1501,0.7065
0.64142,83.1636,0.70631
0.64174,83.2333,0.70563
0.64118,83.1514,0.70594
0.64101,83.115,0.70577
0.64062,83.0085,0.70592
0.64118,83.0345,0.70628
0.64154,83.1187,0.70602
0.64156,83.0394,0.70608
0.64164,83.0392,0.70623
0.64202,83.0392,0.7065
0.64319,83.1494,0.70545
0.64332,83.1746,0.70527
0.64321,83.1162,0.70522
0.64293,83.1497,0.70464
0.64293,83.1098,0.70445
0.64332,83.1974,0.70459
0.64303,83.2093,0.7046
0.64391,83.2628,0.70442
0.64329,83.2048,0.70476
0.6431,83.1323,0.70474
0.64389,83.1393,0.70459
0.64341,83.1236,0.70487
0.6433,83.1751,0.70445
0.64304,83.1516,0.70412
0.64336,83.165,0.70424
0.64341,83.2009,0.70384
0.64359,83.2216,0.70344
0.64362,83.177,0.70353
0.64382,83.2235,0.70352
0.64356,83.2094,0.70376
0.64333,83.1568,0.70353
0.64347,83.1171,0.70317
0.6436,83.1768,0.70321
0.64365,83.2287,0.70236
0.64364,83.2844,0.70156
0.64366,83.3103,0.70126
0.64455,83.3691,0.70073
0.64494,83.3708,0.70017
0.64484,83.3893,0.70035
0.64501,83.4093,0.70014
0.6452,83.3382,0.70027
0.64497,83.311,0.70043
0.64458,83.2841,0.70037
0.64514,83.3177,0.69979
0.64461,83.2147,0.69984
0.64519,83.2014,0.69954
0.64503,83.1926,0.69948
0.64489,83.2289,0.69958
0.64518,83.2752,0.69941
0.64535,83.3037,0.69924
0.64597,83.3582,0.69925
0.64573,83.221,0.69985
0.64493,83.1205,0.69961
0.64515,83.0828,0.69963
0.64547,83.1302,0.69951
0.64528,82.9982,0.69971
0.64542,83.0952,0.69951
0.64589,83.1564,0.69942
0.64579,83.1252,0.6998
0.64581,83.1438,0.69974
0.64534,83.1732,0.69959
0.64486,83.0825,0.69999
0.64482,83.1103,0.69963
0.64508,83.1528,0.69934
0.6455,83.2659,0.69924
0.64532,83.1736,0.69919
0.6451,83.0891,0.69906
0.64492,83.0745,0.69912
0.64485,83.1995,0.69902
0.64561,83.3494,0.69894
0.64545,83.3199,0.69918
0.64552,83.2675,0.69951
0.64535,83.2652,0.69941
0.64506,83.2566,0.69932
0.64514,83.2074,0.6996
0.64532,83.1916,0.69985
0.64474,83.0845,0.69997
0.64408,82.9808,0.7001
0.64441,83.0313,0.70014
0.64394,82.9841,0.70047
0.64456,83.0976,0.70036
0.64475,83.113,0.69981
0.645,83.0436,0.69955
0.645,83.0436,0.69955
0.645,83.0436,0.69955
0.64537,83.0436,0.69955
0.64534,83.0436,0.69955
0.64501,83.0436,0.69972
0.64453,83.076,0.7001
0.64483,83.111,0.70057
0.64415,83.1216,0.70046
0.64331,83.0718,0.70035
0.64352,83.1051,0.70036
0.64421,83.0968,0.70083
0.64436,82.7461,0.70104
0.64404,82.7206,0.70094
0.64464,82.8211,0.70081
0.6443,82.7786,0.70087
0.64388,82.6088,0.7013
0.64357,82.718,0.70178
0.64372,82.684,0.70156
0.64391,82.6724,0.70222
0.64463,82.6458,0.70234
0.64465,82.6496,0.70246
0.64454,82.7316,0.70188
0.64371,82.8346,0.70175
0.64409,82.8559,0.70213
0.6448,82.8349,0.70244
0.64478,82.7638,0.70273
0.6445,82.7563,0.70252
0.64455,82.8047,0.70243
0.64401,82.7974,0.70227
0.64401,82.7575,0.70216
0.64388,82.7696,0.7025
0.64333,82.7086,0.7025
0.64389,82.6981,0.70227
0.6437,82.7312,0.70241
0.64349,82.6858,0.70251
0.64339,82.8255,0.70213
0.64313,82.8313,0.70228
0.64338,82.788,0.70225
0.64353,82.7399,0.70234
0.64329,82.6768,0.70235
0.64315,82.6974,0.70228
0.64282,82.7394,0.70228
0.64309,82.6719,0.70242
0.64346,82.6745,0.70229
0.6437,82.6125,0.70215
0.64392,82.6477,0.70214
0.6438,82.6658,0.70219
0.64384,82.7039,0.70205
0.64415,82.7037,0.70219
0.6442,82.6556,0.70195
0.64475,82.6551,0.70209
0.64463,82.7121,0.70197
0.64448,82.6896,0.70143
0.64479,82.7356,0.70157
0.64507,82.7143,0.702
0.64504,82.6995,0.70172
0.64494,82.6653,0.70194
0.64461,82.6645,0.70222
0.64442,82.6269,0.70215
0.64468,82.655,0.70245
0.6445,82.6603,0.70234
0.64473,82.6131,0.70232
0.6449,82.6147,0.70224
0.64512,82.5566,0.70213
0.64478,82.5497,0.70184
0.64408,82.5225,0.70201
0.64396,82.4978,0.70235
0.64408,82.426,0.70302
0.64442,82.3389,0.70289
0.64452,82.3798,0.70251
0.6443,82.3408,0.70242
0.64421,82.3915,0.7027
0.64423,82.3895,0.70266
0.64464,82.3979,0.7025
0.64466,82.3555,0.7027
0.64449,82.3715,0.70254
0.64454,82.4253,0.70275
0.64435,82.4797,0.70273
0.64438,82.4401,0.70262
0.64435,82.4672,0.7023
0.64482,82.4729,0.70233
0.64421,82.5186,0.70244
0.64451,82.5003,0.70141
0.64432,82.5167,0.70231
0.64431,82.5244,0.70229
0.64444,82.5187,0.70258
0.64418,82.504,0.70211
0.6442,82.5129,0.70204
0.64392,82.5512,0.7019
0.6437,82.5012,0.7021
0.64377,82.482,0.70236
0.64386,82.4777,0.70236
0.64425,82.4629,0.70241
0.64394,82.4682,0.70248
0.64413,82.5421,0.7022
0.64408,82.5148,0.7023
0.64382,82.5086,0.70231
0.64363,82.5218,0.70222
0.64367,82.5143,0.70238
0.6436,82.5294,0.70249
0.64369,82.5224,0.7025
0.64385,82.5155,0.70265
0.64377,82.4832,0.7026
0.64365,82.5168,0.70255
0.64363,82.5014,0.70247
0.64323,82.4437,0.70263
0.6436,82.435,0.7027
0.64303,82.3963,0.70254
0.64323,82.3363,0.70244
0.64323,82.3656,0.703
0.64266,82.2854,0.70288
0.64209,82.2858,0.70313
0.64214,82.2743,0.70356
0.64204,82.2359,0.70374
0.6409,82.1943,0.70387
0.64111,82.1902,0.70401
0.64154,82.1483,0.70462
0.64117,82.0076,0.70419
0.64153,81.9855,0.70416
0.64192,82.0185,0.70393
0.64194,81.9828,0.70399
0.64158,81.9802,0.704
0.64195,82.011,0.7038
0.6416,82.0387,0.70406
0.64009,82.0022,0.70402
0.63879,82.0371,0.70423
0.63905,82.0485,0.70441
0.63874,82.0035,0.7044
0.63914,81.8703,0.70437
0.63804,81.8358,0.7045
0.63866,81.86,0.70444
0.63882,81.9194,0.70472
0.63923,81.9064,0.70453
0.63858,81.9663,0.70448
0.63841,81.9664,0.7044
0.6389,81.9808,0.70434
0.63933,81.9003,0.70426
0.63933,81.9525,0.7041
0.63898,82.0027,0.70409
0.63866,82.0041,0.704
0.63907,82.0474,0.70376
0.63922,82.0039,0.70428
0.63832,82.0024,0.70419
0.63819,82.0412,0.70419
0.63813,82.0415,0.70435
0.63782,82.0109,0.70439
0.63814,82.0015,0.70443
0.63837,82.0093,0.70458
0.63845,81.97,0.7044
0.63885,82.0146,0.7043
0.63867,82.0597,0.70414
0.63843,82.0512,0.70399
0.63878,82.0371,0.7041
0.63889,82.0071,0.70428
0.63851,81.9742,0.70418
0.63862,82.0136,0.70426
0.63883,81.9405,0.70427
0.6387,81.8907,0.70411
0.63858,81.9356,0.70413
0.6385,81.9575,0.70418
0.63881,81.936,0.70417
0.63895,81.948,0.704
0.63865,81.9151,0.70393
0.63869,81.9534,0.70394
0.63897,81.9493,0.70417
0.63919,81.9473,0.70409
0.63931,81.9686,0.704
0.6395,82.0037,0.70398
0.63917,82.0592,0.70386
0.63962,82.1076,0.70387
0.63952,82.1214,0.70399
0.63971,82.1082,0.70369
0.63975,82.1845,0.70369
0.63973,82.1848,0.70336
0.63953,82.2316,0.70349
0.63923,82.2148,0.70357
0.63937,82.2364,0.70364
0.63941,82.2201,0.70374
0.6397,82.1861,0.7035
0.63991,82.2213,0.70348
0.63981,82.2092,0.70337
0.64009,82.2782,0.70354
0.64026,82.28,0.70355
0.64022,82.271,0.70349
0.64038,82.2813,0.70336
0.64079,82.3099,0.70318
0.6411,82.2888,0.70332
0.64048,82.3139,0.70277
0.64008,82.3321,0.70265
0.64014,82.322,0.70282
0.63956,82.26,0.7034
0.6397,82.2208,0.70385
0.63956,82.2112,0.70401
0.63932,82.1931,0.70375
0.63908,82.1925,0.7038
0.63847,82.186,0.70374
0.63912,82.1477,0.70438
0.63947,82.0724,0.70457
0.63953,82.0718,0.70445
0.63979,82.1171,0.70391
0.63957,82.1349,0.70393
0.64001,82.097,0.70401
0.63949,82.0878,0.7038
0.63842,82.1431,0.7028
0.63831,82.2598,0.70356
0.63863,82.2497,0.70429
0.63931,82.0648,0.70487
0.63979,82.0126,0.70455
0.64039,82.0601,0.70424
0.64012,82.0659,0.70388
0.64052,82.1146,0.70384
0.64075,82.1901,0.70379
0.64014,82.1092,0.70317
0.64066,82.192,0.70232
0.6413,82.2098,0.70246
0.64092,82.1116,0.70225
0.64064,82.1258,0.70219
0.64099,82.1502,0.70223
0.64131,82.0801,0.70297
0.64114,82.0254,0.7019
0.64101,81.9909,0.70235
0.64103,82.0688,0.70295
0.64095,82.0327,0.70376
0.64104,81.9766,0.7033
0.64117,81.9474,0.70331
0.64122,81.9902,0.70275
0.64109,82.002,0.70247
0.64102,81.9984,0.70158
0.64097,82.0074,0.70145
0.64117,82.0076,0.70194
0.64101,81.9986,0.70186
0.64064,82.0465,0.70176
0.64034,82.0482,0.70175
0.64004,82.0137,0.7023
0.64054,81.9698,0.70265
0.64048,81.9432,0.70288
0.64057,81.8576,0.703
0.64063,81.8749,0.70361
0.64024,81.8967,0.70387
0.63992,81.9261,0.70327
0.6402,81.9425,0.70342
0.64038,81.9215,0.70375
0.64014,81.8387,0.70411
0.63998,81.8681,0.70372
0.63995,81.9248,0.70407
0.63981,81.8891,0.70435
0.6401,81.8806,0.70428
0.63992,81.8905,0.70453
0.63978,81.8277,0.70466
0.6398,81.8689,0.7045
0.63972,81.9096,0.70534
0.63981,81.8825,0.7053
0.63979,81.8922,0.70533
0.64028,81.9185,0.70626
0.64044,81.8585,0.70627
0.63991,81.854,0.70638
0.63994,81.9595,0.70549
0.63967,82.0555,0.70614
0.63973,82.04,0.70642
0.6403,82.0505,0.70672
0.64019,81.9788,0.70666
0.64043,81.9462,0.70634
0.64082,82.0353,0.7059
0.64069,82.0657,0.70614
0.64041,82.0462,0.70548
0.64047,82.1002,0.70565
0.64063,82.0418,0.70577
0.6404,82.0276,0.70551
0.63966,81.997,0.70545
0.63886,81.8791,0.70525
0.63839,81.9594,0.70604
0.63848,81.7833,0.70611
0.63824,81.6506,0.70635
0.63852,81.6387,0.70639
0.6387,81.6769,0.70681
0.63829,81.6176,0.70614
0.63785,81.7334,0.70573
0.63812,81.7445,0.70665
0.63834,81.701,0.70687
0.63747,81.5884,0.70693
0.63774,81.7042,0.7067
0.63735,81.7771,0.70709
0.63747,81.6487,0.70686
0.638,81.7361,0.70715
0.63764,81.7082,0.70732
0.63738,81.7481,0.70739
0.63749,81.7079,0.70785
0.63782,81.6197,0.70776
0.63816,81.629,0.7076
0.6376,81.6359,0.70758
0.63851,81.6645,0.70745
0.63842,81.7189,0.70786
0.63814,81.6408,0.70712
0.63824,81.7286,0.70685
0.63797,81.6936,0.70696
0.63855,81.6147,0.70683
0.63838,81.6297,0.70689
0.63835,81.6038,0.70694
0.63862,81.5056,0.7069
0.63911,81.4371,0.7067
0.63942,81.4575,0.706
0.6394,81.511,0.7052
0.64005,81.6085,0.70538
0.64005,81.5777,0.70481
0.64036,81.645,0.70511
0.64021,81.5478,0.70489
0.64062,81.5171,0.70405
0.6404,81.6182,0.70445
0.64024,81.59,0.70474
0.64019,81.6283,0.70474
0.64018,81.485,0.70513
0.63987,81.4169,0.70537
0.63964,81.4039,0.7055
0.64022,81.4549,0.70517
0.64042,81.4142,0.70506
0.64074,81.3962,0.7047
0.64077,81.4538,0.70467
0.64059,81.4589,0.70405
0.64055,81.5281,0.70377
0.64047,81.5552,0.7035
0.64086,81.5268,0.70384
0.64084,81.5759,0.70371
0.64094,81.5413,0.70376
0.64094,81.5495,0.70398
0.64082,81.5443,0.70382
0.64074,81.592,0.70383
0.64123,81.6361,0.70387
0.64107,81.6114,0.70396
0.64109,81.6134,0.70418
0.64115,81.6298,0.70421
0.64118,81.6056,0.70421
0.64166,81.5994,0.70409
0.64155,81.6451,0.70418
0.64175,81.637,0.70395
0.64163,81.6977,0.70402
0.64145,81.6508,0.70364
0.64134,81.7342,0.70375
0.64125,81.7324,0.704
0.64139,81.6987,0.70404
0.64152,81.7137,0.70409
0.64174,81.6407,0.704
0.6416,81.662,0.70404
0.64144,81.6426,0.70406
0.6417,81.6651,0.70418
0.64171,81.6707,0.70436
0.64177,81.6421,0.70392
0.64161,81.7482,0.70386
0.6417,81.7109,0.70354
0.64201,81.722,0.70353
0.64212,81.7447,0.70355
0.64232,81.7324,0.7034
0.64251,81.7476,0.70333
0.64288,81.7804,0.70335
0.64231,81.747,0.70322
0.64228,81.8241,0.70324
0.64226,81.821,0.70329
0.64226,81.7905,0.70333
0.64175,81.8081,0.70325
0.64216,81.8237,0.70293
0.64214,81.7866,0.70612
0.64202,81.5741,0.70642
0.64239,81.6016,0.7062
0.64225,81.6322,0.70614
0.64232,81.6663,0.70625
0.6425,81.6665,0.70645
0.64211,81.6693,0.70646
0.6421,81.6684,0.70652
0.64208,81.6549,0.70692
0.64222,81.5955,0.70739
0.64199,81.5918,0.70784
0.64237,81.554,0.70771
0.64282,81.5973,0.70723
0.64301,81.6244,0.70644
0.6436,81.7088,0.70676
0.64337,81.7244,0.70668
0.64377,81.7932,0.7066
0.64369,81.8101,0.70639
0.64347,81.7729,0.70641
0.64381,81.7566,0.70633
0.64408,81.7317,0.70652
0.64403,81.6875,0.70593
0.64452,81.8214,0.70566
0.64449,81.8576,0.70566
0.64437,81.9128,0.70565
0.64442,81.9678,0.70568
0.64444,82.0273,0.70583
0.64469,82.0632,0.70574
0.64503,82.0588,0.70577
0.64487,82.0277,0.70599
0.64471,82.0533,0.70628
0.6446,82.102,0.70624
0.64504,82.0583,0.70643
0.64493,82.0527,0.70685
0.64461,82.0134,0.70674
0.64449,82.058,0.70689
0.64461,82.0152,0.70671
0.64403,82.0043,0.7068
0.64402,82.0366,0.70665
0.64422,82.0432,0.70701
0.64471,81.9543,0.70711
0.64452,81.9325,0.70666
0.64458,81.9339,0.70629
0.64424,82.008,0.70633
0.64434,81.9935,0.70631
0.64464,81.9819,0.70664
0.64495,81.9496,0.70651
0.6449,82.002,0.70641
0.64475,82.0294,0.70614
0.64477,82.0568,0.7061
0.64463,82.0661,0.70629
0.64489,82.0702,0.70627
0.64482,82.0887,0.70628
0.64483,82.1063,0.7061
0.64481,82.1317,0.70623
0.64483,82.135,0.70615
0.64501,82.1172,0.70622
0.6449,82.1075,0.70626
0.64466,82.0917,0.70619
0.64501,82.1113,0.70622
0.64523,82.1111,0.70625
0.64538,82.0394,0.70596
0.64539,82.0675,0.70603
0.64548,82.0827,0.70609
0.64525,82.1276,0.70603
0.6452,82.1096,0.70589
0.645,82.1148,0.70583
0.64501,82.1325,0.70602
0.64509,82.1147,0.7063
0.64514,82.0781,0.70626
0.64523,82.0843,0.70625
0.64544,82.1071,0.70624
0.64551,82.1309,0.70642
0.64565,82.1189,0.70612
0.64565,82.1165,0.70628
0.64589,82.088,0.70612
0.64596,82.1194,0.70616
0.64563,82.1312,0.70605
0.64571,82.1784,0.70615
0.6459,82.1318,0.70619
0.64579,82.1117,0.70608
0.64558,82.153,0.70618
0.64532,82.1684,0.70602
0.64544,82.1608,0.70611
0.64542,82.1471,0.70642
0.64527,82.1331,0.70629
0.64506,82.136,0.70651
0.645,82.1259,0.70677
0.64486,82.0962,0.70673
0.64503,82.1236,0.70686
0.64541,82.115,0.70671
0.6455,82.0817,0.70681
0.64537,82.1133,0.70685
0.64505,82.1264,0.70666
0.64487,82.1358,0.70658
0.64528,82.1143,0.70716
0.64462,82.0364,0.70795
0.64491,81.9997,0.70823
0.64506,82.0527,0.70991
0.64499,81.996,0.7095
0.64514,82.0151,0.7095
0.64546,82.0332,0.70983
0.64574,81.9815,0.71034
0.64602,82.0448,0.71001
0.64602,82.0315,0.71026
0.64676,82.0308,0.70975
0.64725,82.0049,0.70961
0.64862,81.9673,0.70865
0.6482,82.0536,0.70854
0.64884,82.0701,0.70901
0.64888,82.1364,0.70945
0.64867,82.1932,0.70911
0.64843,82.275,0.70945
0.6485,82.2813,0.70933
0.64893,82.2936,0.71023
0.64895,82.2269,0.7104
0.64835,82.1598,0.71025
0.64832,82.2189,0.7103
0.64813,82.2367,0.71048
0.6484,82.1304,0.71209
0.64875,82.0535,0.71174
0.64858,82.0188,0.71152
0.64844,82.0606,0.71105
0.64757,82.111,0.7112
0.64785,82.095,0.71132
0.64718,82.049,0.71136
0.64753,81.9631,0.71088
0.64821,82.0321,0.71145
0.64799,81.9905,0.71175
0.64863,82.0543,0.71132
0.64892,82.1476,0.71122
0.64943,82.1421,0.71023
0.65,82.1823,0.7097
0.65028,82.1887,0.70978
0.65027,82.1717,0.70923
0.64994,82.2143,0.70928
0.64986,82.2315,0.70912
0.64971,82.2527,0.70947
0.64939,82.1872,0.70944
0.65024,82.1206,0.70934
0.64981,82.1984,0.70973
0.64992,82.1487,0.70951
0.65013,82.1784,0.70948
0.64994,82.1512,0.70952
0.65012,82.1761,0.70988
0.65009,82.22,0.70992
0.64985,82.2456,0.70982
0.65017,82.2872,0.70981
0.64997,82.2802,0.71001
0.65014,82.3146,0.71037
0.65038,82.3724,0.71091
0.65113,82.3636,0.71073
0.65172,82.3957,0.71058
0.65149,82.409,0.71037
0.65105,82.4087,0.71023
0.65114,82.4164,0.70997
0.65081,82.4045,0.71138
0.65131,82.3529,0.71126
0.65183,82.3017,0.7109
0.65184,82.2603,0.71056
0.6527,82.2899,0.71021
0.65237,82.2817,0.71028
0.65227,82.2889,0.71106
0.65199,82.306,0.71207
0.65215,82.359,0.71142
0.65217,82.355,0.7118
0.65235,82.3352,0.71135
0.65291,82.4071,0.71135
0.65271,82.3584,0.71167
0.65272,82.4685,0.71109
0.65246,82.5091,0.71069
0.65227,82.539,0.71079
0.65294,82.6155,0.71064
0.65343,82.565,0.71116
0.65337,82.5313,0.71056
0.65453,82.6171,0.7106
0.655,82.5821,0.71099
0.6549,82.5035,0.7113
0.65491,82.5935,0.71107
0.65518,82.6648,0.71093
0.65476,82.6786,0.71079
0.65512,82.6386,0.71058
0.65571,82.6308,0.71089
0.65528,82.5224,0.71083
0.65506,82.583,0.71079
0.65574,82.6656,0.71091
0.65536,82.5945,0.71052
0.65545,82.5853,0.71022
0.65555,82.6748,0.70975
0.65587,82.5891,0.70948
0.65606,82.6372,0.70971
0.65575,82.6309,0.70979
0.65575,82.5969,0.70945
0.65599,82.717,0.70935
0.65621,82.6808,0.70928
0.65587,82.7238,0.70954
0.65575,82.6335,0.70933
0.6556,82.6567,0.70915
0.65528,82.7429,0.70918
0.65539,82.7231,0.70906
0.65518,82.7313,0.70888
0.65575,82.669,0.70847
0.65528,82.5714,0.70901
0.65572,82.5149,0.70853
0.65557,82.5561,0.70926
0.65592,82.4968,0.70927
0.65588,82.5806,0.70878
0.65596,82.5365,0.70853
0.65589,82.4792,0.70869
0.65624,82.4781,0.70845
0.65624,82.5412,0.70818
0.65695,82.5786,0.70797
0.65691,82.5555,0.70756
0.65698,82.5516,0.70788
0.65729,82.5875,0.70765
0.657,82.6267,0.70727
0.65739,82.6707,0.70736
0.65754,82.662,0.70758
0.65736,82.6685,0.70749
0.65735,82.6688,0.70734
0.65729,82.7076,0.70718
0.65753,82.7429,0.70745
0.65728,82.7586,0.70741
0.65727,82.7792,0.70702
0.65646,82.7573,0.70712
0.65642,82.7432,0.70725
0.657,82.6967,0.70748
0.65677,82.6514,0.70704
0.65682,82.5864,0.70683
0.65694,82.6032,0.70679
0.65674,82.5882,0.70708
0.65677,82.5919,0.70706
0.65698,82.5801,0.70719
0.65723,82.5472,0.70716
0.65736,82.5517,0.70694
0.65719,82.5871,0.70662
0.65698,82.638,0.70665
0.65697,82.6712,0.70684
0.657,82.6591,0.70705
0.65654,82.5994,0.70678
0.65661,82.5985,0.70662
0.65648,82.5666,0.70717
0.6565,82.4961,0.70694
0.65652,82.4621,0.70698
0.65617,82.4156,0.70673
0.65599,82.4519,0.70702
0.65589,82.4871,0.70717
0.65545,82.417,0.7073
0.65568,82.4037,0.70747
0.65598,82.3832,0.70757
0.6556,82.3037,0.7075
0.65546,82.3329,0.7071
0.6554,82.3028,0.70782
0.65546,82.2694,0.70786
0.65568,82.3001,0.70783
0.65586,82.3399,0.70786
0.65557,82.3402,0.70778
0.65607,82.3571,0.7077
0.65625,82.4033,0.70773
0.65627,82.3705,0.70745
0.65615,82.3204,0.70768
0.65616,82.3481,0.70779
0.65614,82.3488,0.70786
0.65576,82.2932,0.70769
0.65547,82.299,0.70754
0.65547,82.2695,0.70748
0.65526,82.2758,0.70753
0.65548,82.2315,0.70772
0.65518,82.3239,0.70769
0.65536,82.3115,0.7077
0.65547,82.3133,0.70757
0.65539,82.32,0.7074
0.65528,82.3096,0.70751
0.65525,82.3061,0.70715
0.65519,82.3417,0.70731
0.65519,82.3661,0.70695
0.65536,82.3774,0.70713
0.65525,82.3768,0.70694
0.65545,82.3425,0.70701
0.65531,82.3617,0.70707
0.65544,82.3495,0.70703
0.65555,82.381,0.70698
0.65546,82.3971,0.70687
0.65549,82.3652,0.70694
0.65532,82.3884,0.70695
0.65545,82.3773,0.70687
0.65553,82.3669,0.70679
0.65559,82.3573,0.70678
0.65544,82.3662,0.70674
0.65551,82.3423,0.70695
0.65568,82.3427,0.70685
0.65608,82.3679,0.70665
0.65642,82.4089,0.70682
0.65587,82.404,0.70676
0.65582,82.4609,0.70689
0.65561,82.4401,0.70702
0.6555,82.4366,0.70699
0.65598,82.4499,0.7071
0.65615,82.4309,0.70715
0.6562,82.4068,0.7067
0.65633,82.4321,0.70701
0.65654,82.3471,0.70688
0.65661,82.3462,0.70712
0.65674,82.4094,0.70728
0.65612,82.3885,0.70708
0.65606,82.4208,0.70721
0.65526,82.4235,0.70785
0.65489,82.355,0.70785
0.65493,82.3841,0.70812
0.65544,82.2999,0.70827
0.65455,82.1956,0.7082
0.65476,82.1354,0.70759
0.65464,82.1959,0.70798
0.6539,82.0446,0.70799
0.65451,82.0794,0.70801
0.65452,82.0766,0.708
0.65374,81.9913,0.7082
0.65345,82.0479,0.70801
0.65369,82.0611,0.7085
0.65336,81.9625,0.7083
0.65354,81.9585,0.70842
0.65428,81.9279,0.70863
0.65407,81.7619,0.70918
0.65441,81.6198,0.70892
0.65442,81.7454,0.70898
0.6552,81.7358,0.70915
0.65503,81.8033,0.70925
0.65514,81.7868,0.7092
0.65517,81.9033,0.70906
0.65537,81.8975,0.70924
0.65446,81.8718,0.70951
0.65472,81.8019,0.70981
0.65516,81.8493,0.71035
0.65524,81.7082,0.71013
0.65465,81.757,0.70984
0.65462,81.8381,0.70984
0.65462,81.8363,0.71022
0.65446,81.7607,0.71016
0.6541,81.7994,0.71
0.6538,81.8194,0.71037
0.65393,81.7816,0.71078
0.65418,81.7524,0.71064
0.65442,81.727,0.71079
0.65466,81.6945,0.71058
0.65426,81.7212,0.71047
0.65399,81.7383,0.71045
0.65383,81.7715,0.71093
0.6541,81.7426,0.71111
0.65451,81.7051,0.71135
0.6544,81.6545,0.71096
0.6536,81.8882,0.71104
0.65406,81.871,0.71065
0.65406,81.8789,0.71094
0.65429,81.8026,0.71088
0.65469,81.8432,0.71108
0.65461,81.8676,0.71091
0.65436,81.9019,0.71069
0.65477,81.9542,0.71078
0.65492,81.9236,0.71098
0.65499,81.9109,0.71091
0.65488,81.9564,0.71082
0.65483,81.9754,0.71093
0.65475,81.9298,0.71119
0.65471,81.879,0.71125
0.65507,81.9156,0.71117
0.65518,81.8933,0.71119
0.65518,81.8981,0.71079
0.655,82.0034,0.71085
0.65485,81.9887,0.71097
0.65493,81.9695,0.71082
0.65495,81.9675,0.7108
0.6555,81.9668,0.71086
0.65576,81.9567,0.71125
0.65546,81.9311,0.71113
0.65563,81.9847,0.71114
0.65566,81.9593,0.71211
0.6554,81.8933,0.71184
0.65522,81.8637,0.71189
0.65537,81.8582,0.71209
0.65557,81.8816,0.71224
0.65625,81.799,0.71237
0.65626,81.7951,0.71186
0.65562,81.8324,0.71222
0.65645,81.8621,0.7131
0.65609,81.8652,0.71257
0.65568,81.8648,0.71213
0.65543,81.8719,0.71199
0.65548,81.8483,0.71266
0.65523,81.7248,0.71289
0.65635,81.7094,0.71309
0.65638,81.7186,0.71299
0.65581,81.702,0.71215
0.65539,81.7287,0.7117
0.65527,81.7585,0.71211
0.65473,81.6941,0.71261
0.65497,81.6843,0.71312
0.65436,81.6479,0.71314
0.65475,81.4842,0.71292
0.65543,81.4866,0.71361
0.65521,81.4962,0.7134
0.65508,81.5026,0.71273
0.65492,81.6159,0.71279
0.65557,81.613,0.71237
0.65583,81.6404,0.71182
0.6567,81.5925,0.71165
0.65658,81.6822,0.71207
0.6565,81.6855,0.71195
0.65862,81.7165,0.71199
0.65855,81.7533,0.71176
0.65888,81.6323,0.71043
0.65883,81.7577,0.71052
0.65863,81.7483,0.71019
0.65887,81.7393,0.71016
0.65894,81.6641,0.71035
0.65853,81.65,0.70993
0.65788,81.7032,0.70991
0.65746,81.7014,0.71039
0.65757,81.6339,0.71083
0.65727,81.525,0.71085
0.65711,81.5499,0.71105
0.65742,81.5326,0.71168
0.65723,81.4868,0.71178
0.65717,81.5256,0.71207
0.65715,81.5466,0.71192
0.65727,81.4802,0.71156
0.658,81.4558,0.71227
0.65777,81.4114,0.71227
0.65756,81.43,0.71189
0.65828,81.4959,0.71276
0.65828,81.4739,0.71341
0.65886,81.4796,0.71463
0.65877,81.4305,0.71365
0.65874,81.573,0.71348
0.65828,81.5795,0.71324
0.65819,81.5498,0.71285
0.65816,81.526,0.71296
0.65814,81.5903,0.71337
0.65855,81.5938,0.71413
0.65914,81.5641,0.7133
0.65951,81.6154,0.71336
0.65881,81.6336,0.71297
0.65866,81.6954,0.71292
0.65863,81.6468,0.71249
0.65896,81.6262,0.71255
0.65888,81.567,0.71292
0.65897,81.6571,0.71359
0.65902,81.6824,0.7136
0.65936,81.6597,0.71385
0.65915,81.7227,0.71338
0.65882,81.675,0.71342
0.65917,81.6838,0.71345
0.65843,81.6868,0.71349
0.65818,81.6464,0.71365
0.65854,81.6658,0.71352
0.65774,81.6318,0.71375
0.65821,81.5522,0.71404
0.65811,81.5796,0.71471
0.6583,81.4475,0.71426
0.65849,81.4797,0.71383
0.65791,81.4712,0.71404
0.65745,81.4812,0.7138
0.65735,81.5148,0.71398
0.65794,81.4903,0.71358
0.65804,81.4809,0.71397
0.65777,81.5861,0.71414
0.65698,81.6659,0.71386
0.65678,81.6862,0.71375
0.65617,81.6724,0.71392
0.65637,81.7559,0.71407
0.65664,81.6783,0.71448
0.65651,81.6429,0.71463
0.65703,81.5495,0.71504
0.6566,81.531,0.71506
0.65686,81.4944,0.71488
0.65715,81.5865,0.71486
0.65689,81.5011,0.71497
0.6569,81.475,0.71525
0.657,81.4995,0.715
0.65689,81.4266,0.71531
0.65634,81.5093,0.71474
0.65579,81.531,0.7146
0.6553,81.6134,0.71455
0.65578,81.4362,0.7152
0.65633,81.298,0.71623
0.65617,81.2079,0.71572
0.65626,81.3854,0.7156
0.65616,81.4,0.71544
0.65533,81.3963,0.7155
0.65405,81.4046,0.71587
0.65467,81.3789,0.71591
0.65416,81.2442,0.71561
0.65353,81.146,0.71556
0.65386,81.2126,0.71542
0.65434,81.127,0.71591
0.65477,81.0787,0.71575
0.65396,81.1003,0.71564
0.65414,81.2812,0.71547
0.65436,81.2842,0.71593
0.6547,81.2356,0.71618
0.65446,81.2521,0.71641
0.65431,81.3257,0.71638
0.65443,81.3952,0.71637
0.6537,81.3784,0.71759
0.65413,81.3233,0.71793
0.65385,81.3584,0.71828
0.65355,81.2359,0.71879
0.65373,81.2921,0.71926
0.65405,81.2869,0.71912
0.65401,81.2613,0.71904
0.65369,81.2689,0.71869
0.65369,81.3603,0.71897
0.65394,81.3316,0.71949
0.65409,81.3612,0.71956
0.65433,81.3792,0.71961
0.65458,81.3792,0.71991
0.65459,81.33,0.71941
0.65443,81.3967,0.71967
0.65456,81.3753,0.71976
0.65457,81.3819,0.71985
0.65433,81.3615,0.71982
0.65431,81.3977,0.7196
0.65437,81.4239,0.71978
0.65443,81.4104,0.71976
0.65443,81.3647,0.71987
0.65442,81.3641,0.71979
0.65483,81.3279,0.71992
0.65482,81.3356,0.71982
0.65509,81.3175,0.71979
0.65517,81.3769,0.71944
0.65567,81.3829,0.71917
0.65605,81.4297,0.71868
0.65589,81.4817,0.7184
0.65593,81.5556,0.71849
0.65576,81.6124,0.71858
0.65561,81.5049,0.71892
0.65567,81.5377,0.719
0.65543,81.5132,0.71908
0.65545,81.4807,0.71881
0.65503,81.4698,0.71867
0.65494,81.4264,0.71874
0.65476,81.4386,0.7191
0.65507,81.4135,0.71904
0.65528,81.4209,0.71939
0.65524,81.3878,0.71912
0.65516,81.4243,0.71926
0.65508,81.4189,0.71916
0.65479,81.397,0.71896
0.65489,81.4572,0.719
0.65485,81.4783,0.71912
0.65495,81.44,0.71911
0.65528,81.4364,0.71928
0.6549,81.4026,0.71953
0.65468,81.384,0.7192
0.65457,81.4531,0.71943
0.65443,81.4334,0.71948
0.65448,81.4093,0.71947
0.65424,81.4167,0.71966
0.65422,81.4154,0.7195
0.65397,81.4242,0.71972
0.65413,81.3548,0.71971
0.65387,81.3071,0.71976
0.65367,81.2694,0.71942
0.65349,81.3084,0.71948
0.65341,81.3121,0.71941
0.65339,81.2849,0.71954
0.65349,81.2891,0.71917
0.6535,81.3002,0.71902
0.65345,81.2776,0.71905
0.65342,81.293,0.71905
0.65321,81.2695,0.71906
0.6524,81.2405,0.7191
0.65242,81.2441,0.71895
0.65225,81.2081,0.71905
0.65209,81.2029,0.71907
0.65241,81.1993,0.71904
0.65274,81.2207,0.71907
0.65283,81.2185,0.719
0.65283,81.2464,0.71932
0.6528,81.2407,0.71931
0.65255,81.2503,0.71913
0.65296,81.2393,0.71879
0.65315,81.2017,0.71863
0.65275,81.2217,0.71899
0.65263,81.2068,0.71919
0.65265,81.1908,0.71936
0.65264,81.1499,0.71965
0.6527,81.1154,0.71983
0.65279,81.0794,0.72012
0.65303,81.1053,0.72006
0.65304,81.1475,0.7211
0.65312,81.0921,0.72066
0.65341,81.1447,0.72009
0.65333,81.1593,0.71999
0.65334,81.1138,0.71981
0.65336,81.1541,0.71987
0.65352,81.153,0.72051
0.65386,81.1568,0.72015
0.65413,81.2011,0.72013
0.6542,81.1994,0.72001
0.65515,81.1492,0.72009
0.65483,81.1767,0.71995
0.65438,81.1851,0.71956
0.65364,81.2576,0.71947
0.65332,81.2326,0.71977
0.65345,81.1695,0.71993
0.6536,81.1131,0.71971
0.65393,81.1229,0.71963
0.65379,81.145,0.7198
0.65437,81.1349,0.71994
0.65393,81.1662,0.72027
0.65446,81.1125,0.72002
0.65408,81.1568,0.72032
0.65398,81.1413,0.72083
0.65334,81.1018,0.72109
0.65332,81.0739,0.72156
0.65353,81.0676,0.72124
0.65349,81.0309,0.72101
0.65335,81.0475,0.72111
0.65323,81.1048,0.72096
0.6533,81.0859,0.72073
0.65286,81.0635,0.72068
0.65277,81.0852,0.72072
0.65282,81.1016,0.72075
0.6527,81.0784,0.72089
0.65255,81.0791,0.72055
0.65125,81.0681,0.72048
0.65119,81.0071,0.72071
0.65056,80.988,0.72078
0.65055,80.9439,0.72068
0.65071,80.9698,0.72057
0.65133,80.9477,0.72067
0.65092,80.9923,0.72053
0.65094,80.9781,0.72041
0.65119,81.0025,0.72052
0.65087,80.9817,0.72053
0.65129,80.9994,0.72006
0.65074,81.0341,0.72032
0.65104,80.957,0.72038
0.65098,80.9458,0.72052
0.65118,80.9039,0.72037
0.65099,80.8927,0.72038
0.65118,80.8916,0.72027
0.65169,80.942,0.72041
0.65173,80.8722,0.72038
0.65192,80.8706,0.72044
0.65175,80.9149,0.72051
0.65183,80.9077,0.72036
0.65171,80.9466,0.72034
0.65165,80.9365,0.72066
0.65172,80.9226,0.72057
0.65168,80.9422,0.72062
0.6518,80.966,0.72068
0.65187,80.9311,0.72062
0.65178,80.8923,0.72081
0.65196,80.9189,0.72058
0.65189,80.921,0.72071
0.65201,80.9404,0.72034
0.65222,80.9502,0.72052
0.65213,80.9247,0.72046
0.65227,80.9234,0.72042
0.65232,80.9707,0.7207
0.65275,80.969,0.72058
0.65319,80.9718,0.72081
0.65307,80.9456,0.72062
0.65305,80.9943,0.72016
0.6532,81.0807,0.7205
0.65291,81.0651,0.71995
0.65303,81.1042,0.71996
0.65261,81.1112,0.72003
0.65268,81.0781,0.71984
0.65356,81.0624,0.72008
0.6535,81.0511,0.7199
0.65364,81.0244,0.71913
0.65315,81.2238,0.71921
0.65351,81.2839,0.71919
0.65351,81.2745,0.71957
0.65357,81.2538,0.71842
0.65358,81.3666,0.71844
0.65361,81.4281,0.71867
0.65449,81.377,0.71876
0.65379,81.4025,0.71897
0.65309,81.3775,0.7182
0.65356,81.4509,0.71877
0.65331,81.3691,0.71874
0.65325,81.3188,0.71911
0.65353,81.2734,0.71895
0.65394,81.1867,0.71909
0.65379,81.2299,0.71942
0.65316,81.2433,0.71976
0.65382,81.2862,0.71951
0.65407,81.269,0.71986
0.65483,81.198,0.7197
0.6546,81.3032,0.7199
0.65445,81.3339,0.71964
0.65395,81.4015,0.71959
0.65461,81.394,0.72018
0.65414,81.3521,0.72081
0.65399,81.22,0.72112
0.65299,81.2115,0.72193
0.65258,81.1324,0.72238
0.65323,81.1132,0.72254
0.65283,81.0524,0.72227
0.65304,81.0161,0.72266
0.65264,81.041,0.72352
0.65344,80.9927,0.72322
0.65345,81.0761,0.72325
0.65299,81.0651,0.72276
0.65255,81.1285,0.72275
0.65243,81.1373,0.72352
0.65289,81.1063,0.72413
0.6531,81.0338,0.7236
0.65321,81.0031,0.72344
0.65346,81.0375,0.72374
0.65283,81.0291,0.72403
0.65279,80.9968,0.72393
0.65191,80.9884,0.72428
0.65223,80.9658,0.72478
0.65269,80.9073,0.72558
0.65299,80.8206,0.72545
0.65302,80.8332,0.72508
0.65324,80.8871,0.72499
0.65296,80.9002,0.72524
0.65277,80.9052,0.7253
0.6529,80.8999,0.72531
0.65336,80.8799,0.72517
0.65357,80.8837,0.72546
0.65391,80.895,0.72506
0.65398,80.8907,0.72485
0.65358,80.8645,0.72464
0.65343,80.8061,0.72378
0.65327,80.7652,0.72394
0.65277,80.7563,0.72455
0.65229,80.7392,0.72383
0.65194,80.7615,0.72422
0.65271,80.6954,0.72435
0.65265,80.6804,0.72425
0.65266,80.6551,0.72439
0.65264,80.742,0.72414
0.65271,80.7582,0.72432
0.65252,80.7554,0.72416
0.65286,80.7733,0.72439
0.65256,80.8055,0.72423
0.65234,80.7814,0.72413
0.65282,80.9219,0.72421
0.65275,80.8823,0.72396
0.65267,80.902,0.72344
0.65231,80.9053,0.72335
0.65257,80.853,0.72351
0.65212,80.843,0.72351
0.65203,80.7825,0.72293
0.65208,80.7835,0.72312
0.65211,80.7932,0.723
0.65178,80.7809,0.7234
0.65222,80.7992,0.72348
0.65242,80.7833,0.72338
0.65229,80.7791,0.72327
0.65149,80.8516,0.72335
0.65132,80.7392,0.72278
0.65134,80.7579,0.72301
0.65152,80.7117,0.72251
0.65107,80.7094,0.72314
0.65139,80.686,0.72364
0.65099,80.7176,0.72409
0.64986,80.5646,0.72414
0.6498,80.5931,0.72432
0.64997,80.6254,0.72489
0.6505,80.4466,0.7255
0.65037,80.4733,0.72553
0.64988,80.5183,0.72531
0.64951,80.5863,0.72579
0.64943,80.6166,0.72594
0.65049,80.6025,0.72637
0.6509,80.529,0.7264
0.65181,80.4253,0.72655
0.65138,80.5224,0.72685
0.65178,80.5465,0.72566
0.65071,80.7201,0.7258
0.65073,80.7322,0.72558
0.65111,80.6998,0.72598
0.6506,80.5808,0.72717
0.64996,80.652,0.72703
0.64954,80.6975,0.72689
0.64998,80.6723,0.72705
0.65006,80.5737,0.72782
0.65009,80.5151,0.72751
0.65055,80.5719,0.72747
0.65112,80.5533,0.72751
0.65115,80.5848,0.72721
0.65143,80.6732,0.72671
0.65111,80.7914,0.72637
0.65158,80.8993,0.72715
0.65141,80.8893,0.7278
0.65115,80.8904,0.72735
0.65114,80.9349,0.72754
0.65136,80.9983,0.72764
0.65104,80.9879,0.72811
0.65095,80.9967,0.72792
0.65069,81.0513,0.72774
0.65064,81.0015,0.72802
0.65114,80.9382,0.72782
0.6509,80.9736,0.72817
0.65107,80.9858,0.72791
0.65136,81.0275,0.728
0.65221,81.0135,0.72827
0.65183,81.0305,0.72817
0.65216,81.0615,0.72747
0.65242,81.2002,0.72789
0.65205,81.1194,0.72811
0.65216,81.146,0.72832
0.65213,81.1891,0.72832
0.65232,81.1509,0.72838
0.6522,81.073,0.72843
0.65241,81.1024,0.72827
0.65265,81.1033,0.72835
0.65291,81.1171,0.72807
0.65331,81.1478,0.72814
0.65367,81.1568,0.7279
0.65373,81.1205,0.72762
0.6543,81.2591,0.72775
0.6542,81.2995,0.72787
0.65437,81.3075,0.72764
0.65419,81.3738,0.72784
0.65467,81.4172,0.72768
0.65473,81.3985,0.72782
0.65444,81.4225,0.72756
0.65386,81.467,0.72769
0.65385,81.5086,0.72749
0.65419,81.5057,0.72741
0.65412,81.4272,0.72725
0.6545,81.4609,0.72667
0.65454,81.6146,0.72643
0.65473,81.6191,0.72614
0.65509,81.7656,0.72652
0.655,81.724,0.7263
0.65446,81.7337,0.72618
0.6542,81.7893,0.72588
0.654,81.8339,0.72623
0.65431,81.7783,0.72603
0.65421,81.7072,0.72588
0.65436,81.7498,0.72561
0.65441,81.7894,0.72591
0.65427,81.797,0.72614
0.65446,81.7818,0.72544
0.65446,81.8042,0.72521
0.65424,81.779,0.72534
0.65407,81.8501,0.72509
0.65403,81.8898,0.72579
0.65374,81.8847,0.72599
0.65355,81.9044,0.72612
0.65332,81.8666,0.72601
0.65341,81.9034,0.7262
0.65339,81.8685,0.72618
0.65328,81.8483,0.72593
0.65325,81.8572,0.72595
0.65324,81.8778,0.72579
0.65332,81.9017,0.72579
0.65304,81.8649,0.72545
0.65318,81.8858,0.72553
0.65302,81.8785,0.72557
0.65303,81.8364,0.72537
0.65265,81.8537,0.72562
0.65255,81.8263,0.7257
,81.7968,0.72581
,81.7872,0.72597
,81.77,
